Workbook

Sheet Consulta
A1: Consulta de Região FNP (Agrianual)
A2: Digite o município e o UF nas células amarelas (colunas A e B). A região FNP aparece automaticamente. Não precisa digitar acentos nem respeitar maiúsculas/minúsculas. Os exemplos das linhas 6 a 8 podem ser apagados/sobrescritos.
A5: Município | B5: UF | C5: Nº Região FNP | D5: Nome da Região | E5: Chave (auxiliar) | G5: Legenda
A6: Passo Fundo | B6: RS | C6: =IF($A6="","",IFERROR(INDEX(Base!$D$2:$D$5495,MATCH($E6,Base!$A$2:$A$5495,0)),"Não encontrado")) -> 3 | D6: =IF($A6="","",IFERROR(INDEX(Base!$E$2:$E$5495,MATCH($E6,Base!$A$2:$A$5495,0)),"")) -> Passo Fundo | E6: =IF(A6="","",TRIM(SUBSTITUTE(SUBSTITUTE(SUBSTITUTE(SUBSTITUTE(SUBSTITUTE(SUBSTITUTE(SUBSTITUTE(SUBSTITUTE(SUBSTITUTE(SUBSTITUTE(SUBSTITUTE(SUBSTITUTE(SUBSTITUTE(SUBSTITUTE(SUBSTITUTE(SUBSTITUTE(SUBSTITUTE(SUBSTITUTE(SUBSTITUTE(SUBSTITUTE(SUBSTITUTE(SUBSTITUTE(SUBSTITUTE(SUBSTITUTE(SUBSTITUTE(SUBSTITUTE(LOWER(TRIM(A6)),"á","a"),"à","a"),"â","a"),"ã","a"),"ä","a"),"é","e"),"è","e"),"ê","e"),"ë","e"),"í","i"),"ì","i"),"î","i"),"ï","i"),"ó","o"),"ò","o"),"ô","o"),"õ","o"),"ö","o"),"ú","u"),"ù","u"),"û","u"),"ü","u"),"ç","c"),"’",""),"'",""),"-"," "))&"|"&UPPER(TRIM(B6))) -> passo fundo|RS | G6: Amarelo/azul = células para preencher
A7: Sorriso | B7: MT | C7: =IF($A7="","",IFERROR(INDEX(Base!$D$2:$D$5495,MATCH($E7,Base!$A$2:$A$5495,0)),"Não encontrado")) -> 64 | D7: =IF($A7="","",IFERROR(INDEX(Base!$E$2:$E$5495,MATCH($E7,Base!$A$2:$A$5495,0)),"")) -> Sinop | E7: =IF(A7="","",TRIM(SUBSTITUTE(SUBSTITUTE(SUBSTITUTE(SUBSTITUTE(SUBSTITUTE(SUBSTITUTE(SUBSTITUTE(SUBSTITUTE(SUBSTITUTE(SUBSTITUTE(SUBSTITUTE(SUBSTITUTE(SUBSTITUTE(SUBSTITUTE(SUBSTITUTE(SUBSTITUTE(SUBSTITUTE(SUBSTITUTE(SUBSTITUTE(SUBSTITUTE(SUBSTITUTE(SUBSTITUTE(SUBSTITUTE(SUBSTITUTE(SUBSTITUTE(SUBSTITUTE(LOWER(TRIM(A7)),"á","a"),"à","a"),"â","a"),"ã","a"),"ä","a"),"é","e"),"è","e"),"ê","e"),"ë","e"),"í","i"),"ì","i"),"î","i"),"ï","i"),"ó","o"),"ò","o"),"ô","o"),"õ","o"),"ö","o"),"ú","u"),"ù","u"),"û","u"),"ü","u"),"ç","c"),"’",""),"'",""),"-"," "))&"|"&UPPER(TRIM(B7))) -> sorriso|MT | G7: "Não encontrado" = município/UF fora da lista do documento (confira a grafia)
A8: São Paulo | B8: SP | C8: =IF($A8="","",IFERROR(INDEX(Base!$D$2:$D$5495,MATCH($E8,Base!$A$2:$A$5495,0)),"Não encontrado")) -> Não encontrado | D8: =IF($A8="","",IFERROR(INDEX(Base!$E$2:$E$5495,MATCH($E8,Base!$A$2:$A$5495,0)),"")) | E8: =IF(A8="","",TRIM(SUBSTITUTE(SUBSTITUTE(SUBSTITUTE(SUBSTITUTE(SUBSTITUTE(SUBSTITUTE(SUBSTITUTE(SUBSTITUTE(SUBSTITUTE(SUBSTITUTE(SUBSTITUTE(SUBSTITUTE(SUBSTITUTE(SUBSTITUTE(SUBSTITUTE(SUBSTITUTE(SUBSTITUTE(SUBSTITUTE(SUBSTITUTE(SUBSTITUTE(SUBSTITUTE(SUBSTITUTE(SUBSTITUTE(SUBSTITUTE(SUBSTITUTE(SUBSTITUTE(LOWER(TRIM(A8)),"á","a"),"à","a"),"â","a"),"ã","a"),"ä","a"),"é","e"),"è","e"),"ê","e"),"ë","e"),"í","i"),"ì","i"),"î","i"),"ï","i"),"ó","o"),"ò","o"),"ô","o"),"õ","o"),"ö","o"),"ú","u"),"ù","u"),"û","u"),"ü","u"),"ç","c"),"’",""),"'",""),"-"," "))&"|"&UPPER(TRIM(B8))) -> sao paulo|SP | G8: Capacidade: linhas 6 a 1004 (999 municípios). Base: 5494 municípios em 133 regiões.
C9: =IF($A9="","",IFERROR(INDEX(Base!$D$2:$D$5495,MATCH($E9,Base!$A$2:$A$5495,0)),"Não encontrado")) | D9: =IF($A9="","",IFERROR(INDEX(Base!$E$2:$E$5495,MATCH($E9,Base!$A$2:$A$5495,0)),"")) | E9: =IF(A9="","",TRIM(SUBSTITUTE(SUBSTITUTE(SUBSTITUTE(SUBSTITUTE(SUBSTITUTE(SUBSTITUTE(SUBSTITUTE(SUBSTITUTE(SUBSTITUTE(SUBSTITUTE(SUBSTITUTE(SUBSTITUTE(SUBSTITUTE(SUBSTITUTE(SUBSTITUTE(SUBSTITUTE(SUBSTITUTE(SUBSTITUTE(SUBSTITUTE(SUBSTITUTE(SUBSTITUTE(SUBSTITUTE(SUBSTITUTE(SUBSTITUTE(SUBSTITUTE(SUBSTITUTE(LOWER(TRIM(A9)),"á","a"),"à","a"),"â","a"),"ã","a"),"ä","a"),"é","e"),"è","e"),"ê","e"),"ë","e"),"í","i"),"ì","i"),"î","i"),"ï","i"),"ó","o"),"ò","o"),"ô","o"),"õ","o"),"ö","o"),"ú","u"),"ù","u"),"û","u"),"ü","u"),"ç","c"),"’",""),"'",""),"-"," "))&"|"&UPPER(TRIM(B9)))
C10: =IF($A10="","",IFERROR(INDEX(Base!$D$2:$D$5495,MATCH($E10,Base!$A$2:$A$5495,0)),"Não encontrado")) | D10: =IF($A10="","",IFERROR(INDEX(Base!$E$2:$E$5495,MATCH($E10,Base!$A$2:$A$5495,0)),"")) | E10: =IF(A10="","",TRIM(SUBSTITUTE(SUBSTITUTE(SUBSTITUTE(SUBSTITUTE(SUBSTITUTE(SUBSTITUTE(SUBSTITUTE(SUBSTITUTE(SUBSTITUTE(SUBSTITUTE(SUBSTITUTE(SUBSTITUTE(SUBSTITUTE(SUBSTITUTE(SUBSTITUTE(SUBSTITUTE(SUBSTITUTE(SUBSTITUTE(SUBSTITUTE(SUBSTITUTE(SUBSTITUTE(SUBSTITUTE(SUBSTITUTE(SUBSTITUTE(SUBSTITUTE(SUBSTITUTE(LOWER(TRIM(A10)),"á","a"),"à","a"),"â","a"),"ã","a"),"ä","a"),"é","e"),"è","e"),"ê","e"),"ë","e"),"í","i"),"ì","i"),"î","i"),"ï","i"),"ó","o"),"ò","o"),"ô","o"),"õ","o"),"ö","o"),"ú","u"),"ù","u"),"û","u"),"ü","u"),"ç","c"),"’",""),"'",""),"-"," "))&"|"&UPPER(TRIM(B10)))
C11: =IF($A11="","",IFERROR(INDEX(Base!$D$2:$D$5495,MATCH($E11,Base!$A$2:$A$5495,0)),"Não encontrado")) | D11: =IF($A11="","",IFERROR(INDEX(Base!$E$2:$E$5495,MATCH($E11,Base!$A$2:$A$5495,0)),"")) | E11: =IF(A11="","",TRIM(SUBSTITUTE(SUBSTITUTE(SUBSTITUTE(SUBSTITUTE(SUBSTITUTE(SUBSTITUTE(SUBSTITUTE(SUBSTITUTE(SUBSTITUTE(SUBSTITUTE(SUBSTITUTE(SUBSTITUTE(SUBSTITUTE(SUBSTITUTE(SUBSTITUTE(SUBSTITUTE(SUBSTITUTE(SUBSTITUTE(SUBSTITUTE(SUBSTITUTE(SUBSTITUTE(SUBSTITUTE(SUBSTITUTE(SUBSTITUTE(SUBSTITUTE(SUBSTITUTE(LOWER(TRIM(A11)),"á","a"),"à","a"),"â","a"),"ã","a"),"ä","a"),"é","e"),"è","e"),"ê","e"),"ë","e"),"í","i"),"ì","i"),"î","i"),"ï","i"),"ó","o"),"ò","o"),"ô","o"),"õ","o"),"ö","o"),"ú","u"),"ù","u"),"û","u"),"ü","u"),"ç","c"),"’",""),"'",""),"-"," "))&"|"&UPPER(TRIM(B11)))
C12: =IF($A12="","",IFERROR(INDEX(Base!$D$2:$D$5495,MATCH($E12,Base!$A$2:$A$5495,0)),"Não encontrado")) | D12: =IF($A12="","",IFERROR(INDEX(Base!$E$2:$E$5495,MATCH($E12,Base!$A$2:$A$5495,0)),"")) | E12: =IF(A12="","",TRIM(SUBSTITUTE(SUBSTITUTE(SUBSTITUTE(SUBSTITUTE(SUBSTITUTE(SUBSTITUTE(SUBSTITUTE(SUBSTITUTE(SUBSTITUTE(SUBSTITUTE(SUBSTITUTE(SUBSTITUTE(SUBSTITUTE(SUBSTITUTE(SUBSTITUTE(SUBSTITUTE(SUBSTITUTE(SUBSTITUTE(SUBSTITUTE(SUBSTITUTE(SUBSTITUTE(SUBSTITUTE(SUBSTITUTE(SUBSTITUTE(SUBSTITUTE(SUBSTITUTE(LOWER(TRIM(A12)),"á","a"),"à","a"),"â","a"),"ã","a"),"ä","a"),"é","e"),"è","e"),"ê","e"),"ë","e"),"í","i"),"ì","i"),"î","i"),"ï","i"),"ó","o"),"ò","o"),"ô","o"),"õ","o"),"ö","o"),"ú","u"),"ù","u"),"û","u"),"ü","u"),"ç","c"),"’",""),"'",""),"-"," "))&"|"&UPPER(TRIM(B12)))
C13: =IF($A13="","",IFERROR(INDEX(Base!$D$2:$D$5495,MATCH($E13,Base!$A$2:$A$5495,0)),"Não encontrado")) | D13: =IF($A13="","",IFERROR(INDEX(Base!$E$2:$E$5495,MATCH($E13,Base!$A$2:$A$5495,0)),"")) | E13: =IF(A13="","",TRIM(SUBSTITUTE(SUBSTITUTE(SUBSTITUTE(SUBSTITUTE(SUBSTITUTE(SUBSTITUTE(SUBSTITUTE(SUBSTITUTE(SUBSTITUTE(SUBSTITUTE(SUBSTITUTE(SUBSTITUTE(SUBSTITUTE(SUBSTITUTE(SUBSTITUTE(SUBSTITUTE(SUBSTITUTE(SUBSTITUTE(SUBSTITUTE(SUBSTITUTE(SUBSTITUTE(SUBSTITUTE(SUBSTITUTE(SUBSTITUTE(SUBSTITUTE(SUBSTITUTE(LOWER(TRIM(A13)),"á","a"),"à","a"),"â","a"),"ã","a"),"ä","a"),"é","e"),"è","e"),"ê","e"),"ë","e"),"í","i"),"ì","i"),"î","i"),"ï","i"),"ó","o"),"ò","o"),"ô","o"),"õ","o"),"ö","o"),"ú","u"),"ù","u"),"û","u"),"ü","u"),"ç","c"),"’",""),"'",""),"-"," "))&"|"&UPPER(TRIM(B13)))
C14: =IF($A14="","",IFERROR(INDEX(Base!$D$2:$D$5495,MATCH($E14,Base!$A$2:$A$5495,0)),"Não encontrado")) | D14: =IF($A14="","",IFERROR(INDEX(Base!$E$2:$E$5495,MATCH($E14,Base!$A$2:$A$5495,0)),"")) | E14: =IF(A14="","",TRIM(SUBSTITUTE(SUBSTITUTE(SUBSTITUTE(SUBSTITUTE(SUBSTITUTE(SUBSTITUTE(SUBSTITUTE(SUBSTITUTE(SUBSTITUTE(SUBSTITUTE(SUBSTITUTE(SUBSTITUTE(SUBSTITUTE(SUBSTITUTE(SUBSTITUTE(SUBSTITUTE(SUBSTITUTE(SUBSTITUTE(SUBSTITUTE(SUBSTITUTE(SUBSTITUTE(SUBSTITUTE(SUBSTITUTE(SUBSTITUTE(SUBSTITUTE(SUBSTITUTE(LOWER(TRIM(A14)),"á","a"),"à","a"),"â","a"),"ã","a"),"ä","a"),"é","e"),"è","e"),"ê","e"),"ë","e"),"í","i"),"ì","i"),"î","i"),"ï","i"),"ó","o"),"ò","o"),"ô","o"),"õ","o"),"ö","o"),"ú","u"),"ù","u"),"û","u"),"ü","u"),"ç","c"),"’",""),"'",""),"-"," "))&"|"&UPPER(TRIM(B14)))
C15: =IF($A15="","",IFERROR(INDEX(Base!$D$2:$D$5495,MATCH($E15,Base!$A$2:$A$5495,0)),"Não encontrado")) | D15: =IF($A15="","",IFERROR(INDEX(Base!$E$2:$E$5495,MATCH($E15,Base!$A$2:$A$5495,0)),"")) | E15: =IF(A15="","",TRIM(SUBSTITUTE(SUBSTITUTE(SUBSTITUTE(SUBSTITUTE(SUBSTITUTE(SUBSTITUTE(SUBSTITUTE(SUBSTITUTE(SUBSTITUTE(SUBSTITUTE(SUBSTITUTE(SUBSTITUTE(SUBSTITUTE(SUBSTITUTE(SUBSTITUTE(SUBSTITUTE(SUBSTITUTE(SUBSTITUTE(SUBSTITUTE(SUBSTITUTE(SUBSTITUTE(SUBSTITUTE(SUBSTITUTE(SUBSTITUTE(SUBSTITUTE(SUBSTITUTE(LOWER(TRIM(A15)),"á","a"),"à","a"),"â","a"),"ã","a"),"ä","a"),"é","e"),"è","e"),"ê","e"),"ë","e"),"í","i"),"ì","i"),"î","i"),"ï","i"),"ó","o"),"ò","o"),"ô","o"),"õ","o"),"ö","o"),"ú","u"),"ù","u"),"û","u"),"ü","u"),"ç","c"),"’",""),"'",""),"-"," "))&"|"&UPPER(TRIM(B15)))
C16: =IF($A16="","",IFERROR(INDEX(Base!$D$2:$D$5495,MATCH($E16,Base!$A$2:$A$5495,0)),"Não encontrado")) | D16: =IF($A16="","",IFERROR(INDEX(Base!$E$2:$E$5495,MATCH($E16,Base!$A$2:$A$5495,0)),"")) | E16: =IF(A16="","",TRIM(SUBSTITUTE(SUBSTITUTE(SUBSTITUTE(SUBSTITUTE(SUBSTITUTE(SUBSTITUTE(SUBSTITUTE(SUBSTITUTE(SUBSTITUTE(SUBSTITUTE(SUBSTITUTE(SUBSTITUTE(SUBSTITUTE(SUBSTITUTE(SUBSTITUTE(SUBSTITUTE(SUBSTITUTE(SUBSTITUTE(SUBSTITUTE(SUBSTITUTE(SUBSTITUTE(SUBSTITUTE(SUBSTITUTE(SUBSTITUTE(SUBSTITUTE(SUBSTITUTE(LOWER(TRIM(A16)),"á","a"),"à","a"),"â","a"),"ã","a"),"ä","a"),"é","e"),"è","e"),"ê","e"),"ë","e"),"í","i"),"ì","i"),"î","i"),"ï","i"),"ó","o"),"ò","o"),"ô","o"),"õ","o"),"ö","o"),"ú","u"),"ù","u"),"û","u"),"ü","u"),"ç","c"),"’",""),"'",""),"-"," "))&"|"&UPPER(TRIM(B16)))
C17: =IF($A17="","",IFERROR(INDEX(Base!$D$2:$D$5495,MATCH($E17,Base!$A$2:$A$5495,0)),"Não encontrado")) | D17: =IF($A17="","",IFERROR(INDEX(Base!$E$2:$E$5495,MATCH($E17,Base!$A$2:$A$5495,0)),"")) | E17: =IF(A17="","",TRIM(SUBSTITUTE(SUBSTITUTE(SUBSTITUTE(SUBSTITUTE(SUBSTITUTE(SUBSTITUTE(SUBSTITUTE(SUBSTITUTE(SUBSTITUTE(SUBSTITUTE(SUBSTITUTE(SUBSTITUTE(SUBSTITUTE(SUBSTITUTE(SUBSTITUTE(SUBSTITUTE(SUBSTITUTE(SUBSTITUTE(SUBSTITUTE(SUBSTITUTE(SUBSTITUTE(SUBSTITUTE(SUBSTITUTE(SUBSTITUTE(SUBSTITUTE(SUBSTITUTE(LOWER(TRIM(A17)),"á","a"),"à","a"),"â","a"),"ã","a"),"ä","a"),"é","e"),"è","e"),"ê","e"),"ë","e"),"í","i"),"ì","i"),"î","i"),"ï","i"),"ó","o"),"ò","o"),"ô","o"),"õ","o"),"ö","o"),"ú","u"),"ù","u"),"û","u"),"ü","u"),"ç","c"),"’",""),"'",""),"-"," "))&"|"&UPPER(TRIM(B17)))
C18: =IF($A18="","",IFERROR(INDEX(Base!$D$2:$D$5495,MATCH($E18,Base!$A$2:$A$5495,0)),"Não encontrado")) | D18: =IF($A18="","",IFERROR(INDEX(Base!$E$2:$E$5495,MATCH($E18,Base!$A$2:$A$5495,0)),"")) | E18: =IF(A18="","",TRIM(SUBSTITUTE(SUBSTITUTE(SUBSTITUTE(SUBSTITUTE(SUBSTITUTE(SUBSTITUTE(SUBSTITUTE(SUBSTITUTE(SUBSTITUTE(SUBSTITUTE(SUBSTITUTE(SUBSTITUTE(SUBSTITUTE(SUBSTITUTE(SUBSTITUTE(SUBSTITUTE(SUBSTITUTE(SUBSTITUTE(SUBSTITUTE(SUBSTITUTE(SUBSTITUTE(SUBSTITUTE(SUBSTITUTE(SUBSTITUTE(SUBSTITUTE(SUBSTITUTE(LOWER(TRIM(A18)),"á","a"),"à","a"),"â","a"),"ã","a"),"ä","a"),"é","e"),"è","e"),"ê","e"),"ë","e"),"í","i"),"ì","i"),"î","i"),"ï","i"),"ó","o"),"ò","o"),"ô","o"),"õ","o"),"ö","o"),"ú","u"),"ù","u"),"û","u"),"ü","u"),"ç","c"),"’",""),"'",""),"-"," "))&"|"&UPPER(TRIM(B18)))
C19: =IF($A19="","",IFERROR(INDEX(Base!$D$2:$D$5495,MATCH($E19,Base!$A$2:$A$5495,0)),"Não encontrado")) | D19: =IF($A19="","",IFERROR(INDEX(Base!$E$2:$E$5495,MATCH($E19,Base!$A$2:$A$5495,0)),"")) | E19: =IF(A19="","",TRIM(SUBSTITUTE(SUBSTITUTE(SUBSTITUTE(SUBSTITUTE(SUBSTITUTE(SUBSTITUTE(SUBSTITUTE(SUBSTITUTE(SUBSTITUTE(SUBSTITUTE(SUBSTITUTE(SUBSTITUTE(SUBSTITUTE(SUBSTITUTE(SUBSTITUTE(SUBSTITUTE(SUBSTITUTE(SUBSTITUTE(SUBSTITUTE(SUBSTITUTE(SUBSTITUTE(SUBSTITUTE(SUBSTITUTE(SUBSTITUTE(SUBSTITUTE(SUBSTITUTE(LOWER(TRIM(A19)),"á","a"),"à","a"),"â","a"),"ã","a"),"ä","a"),"é","e"),"è","e"),"ê","e"),"ë","e"),"í","i"),"ì","i"),"î","i"),"ï","i"),"ó","o"),"ò","o"),"ô","o"),"õ","o"),"ö","o"),"ú","u"),"ù","u"),"û","u"),"ü","u"),"ç","c"),"’",""),"'",""),"-"," "))&"|"&UPPER(TRIM(B19)))
C20: =IF($A20="","",IFERROR(INDEX(Base!$D$2:$D$5495,MATCH($E20,Base!$A$2:$A$5495,0)),"Não encontrado")) | D20: =IF($A20="","",IFERROR(INDEX(Base!$E$2:$E$5495,MATCH($E20,Base!$A$2:$A$5495,0)),"")) | E20: =IF(A20="","",TRIM(SUBSTITUTE(SUBSTITUTE(SUBSTITUTE(SUBSTITUTE(SUBSTITUTE(SUBSTITUTE(SUBSTITUTE(SUBSTITUTE(SUBSTITUTE(SUBSTITUTE(SUBSTITUTE(SUBSTITUTE(SUBSTITUTE(SUBSTITUTE(SUBSTITUTE(SUBSTITUTE(SUBSTITUTE(SUBSTITUTE(SUBSTITUTE(SUBSTITUTE(SUBSTITUTE(SUBSTITUTE(SUBSTITUTE(SUBSTITUTE(SUBSTITUTE(SUBSTITUTE(LOWER(TRIM(A20)),"á","a"),"à","a"),"â","a"),"ã","a"),"ä","a"),"é","e"),"è","e"),"ê","e"),"ë","e"),"í","i"),"ì","i"),"î","i"),"ï","i"),"ó","o"),"ò","o"),"ô","o"),"õ","o"),"ö","o"),"ú","u"),"ù","u"),"û","u"),"ü","u"),"ç","c"),"’",""),"'",""),"-"," "))&"|"&UPPER(TRIM(B20)))
... C1004: =IF($A1004="","",IFERROR(INDEX(Base!$D$2:$D$5495,MATCH($E1004,Base!$A$2:$A$5495,0)),"Não encontrado")) | D1004: =IF($A1004="","",IFERROR(INDEX(Base!$E$2:$E$5495,MATCH($E1004,Base!$A$2:$A$5495,0)),"")) | E1004: =IF(A1004="","",TRIM(SUBSTITUTE(SUBSTITUTE(SUBSTITUTE(SUBSTITUTE(SUBSTITUTE(SUBSTITUTE(SUBSTITUTE(SUBSTITUTE(SUBSTITUTE(SUBSTITUTE(SUBSTITUTE(SUBSTITUTE(SUBSTITUTE(SUBSTITUTE(SUBSTITUTE(SUBSTITUTE(SUBSTITUTE(SUBSTITUTE(SUBSTITUTE(SUBSTITUTE(SUBSTITUTE(SUBSTITUTE(SUBSTITUTE(SUBSTITUTE(SUBSTITUTE(SUBSTITUTE(LOWER(TRIM(A1004)),"á","a"),"à","a"),"â","a"),"ã","a"),"ä","a"),"é","e"),"è","e"),"ê","e"),"ë","e"),"í","i"),"ì","i"),"î","i"),"ï","i"),"ó","o"),"ò","o"),"ô","o"),"õ","o"),"ö","o"),"ú","u"),"ù","u"),"û","u"),"ü","u"),"ç","c"),"’",""),"'",""),"-"," "))&"|"&UPPER(TRIM(B1004)))

Sheet Base
A1: Chave (município|UF) | B1: Município | C1: UF | D1: Nº Região FNP | E1: Nome da Região | G1: Fonte: documento "Regiões Agrianual" (133 regiões FNP) fornecido pelo usuário. A coluna A é uma chave auxiliar (minúsculas, sem acento/apóstrofo/hífen) usada pela busca.
A2: a acegua|RS | B2: A Aceguá | C2: RS | D2: 2 | E2: Pelotas
A3: aantonio joao|MS | B3: AAntônio João | C3: MS | D3: 33 | E3: Dourados
A4: abadia de goias|GO | B4: Abadia de Goiás | C4: GO | D4: 72 | E4: Entorno de Goiânia
A5: abadia dos dourados|MG | B5: Abadia dos Dourados | C5: MG | D5: 45 | E5: Araxá
A6: abadiania|GO | B6: Abadiânia | C6: GO | D6: 72 | E6: Entorno de Goiânia
A7: abaetetuba|PA | B7: Abaetetuba | C7: PA | D7: 123 | E7: Belém
A8: abaete|MG | B8: Abaeté | C8: MG | D8: 45 | E8: Araxá
A9: abaiara|CE | B9: Abaiara | C9: CE | D9: 105 | E9: Cariri
A10: abaira|BA | B10: Abaíra | C10: BA | D10: 81 | E10: Guanambi
A11: abare|BA | B11: Abaré | C11: BA | D11: 86 | E11: Juazeiro
A12: abatia|PR | B12: Abatiá | C12: PR | D12: 15 | E12: Telêmaco Borba
A13: abdon batista|SC | B13: Abdon Batista | C13: SC | D13: 5 | E13: Chapecó
... A5495: zortea|SC | B5495: Zortéa | C5495: SC | D5495: 5 | E5495: Chapecó
